Workbook

Sheet الفرضيات
A1: الفرضيات — محرّكات النموذج المالي
A2: الخلايا الزرقاء = مدخلات قابلة للتعديل · الأسود = معادلات
A4: أولاً: محرّكات الإيراد
A5: عدد البراندات — السنة 1 | B5: 50
A6: متوسط الإنفاق السنوي للبراند (ريال) | B6: 80000
A7: إجمالي قيمة المنشورات GMV — السنة 1 | B7: =B5*B6
A8: نمو GMV — السنة 2 | B8: 3.5
A9: نمو GMV — السنة 3 | B9: 1.5
A10: نمو GMV — السنة 4 | B10: 0.6667
A11: نمو GMV — السنة 5 | B11: 0.58
A13: ثانياً: العمولة (Take Rate)
A14: نسبة الحملات العادية من الحجم | B14: 0.7
A15: عمولة الحملات العادية | B15: 0.05
A16: عمولة جلسات البث المباشر | B16: 0.15
A17: العمولة المجمّعة (المحسوبة) | B17: =B14*B15+(1-B14)*B16
A19: ثالثاً: الاستثمار والخصم
A20: التكاليف التأسيسية (السنة 0) | B20: 250000
A21: إجمالي الاستثمار المطلوب | B21: 1200000
A22: معدل الخصم (WACC) | B22: 0.12
A24: رابعاً: المصاريف السنوية (ريال)
A25: البند | B25: السنة 1 | C25: السنة 2 | D25: السنة 3 | E25: السنة 4 | F25: السنة 5
A26: الرواتب | B26: 480000 | C26: 900000 | D26: 1500000 | E26: 2300000 | F26: 3400000
A27: التسويق | B27: 300000 | C27: 500000 | D27: 700000 | E27: 900000 | F27: 1300000
A28: البنية التحتية والـ SMS | B28: 60000 | C28: 180000 | D28: 350000 | E28: 550000 | F28: 900000
A29: مصاريف إدارية وقانونية | B29: 80000 | C29: 150000 | D29: 250000 | E29: 450000 | F29: 680000
A30: إجمالي المصاريف | B30: =SUM(B26:B29) | C30: =SUM(C26:C29) | D30: =SUM(D26:D29) | E30: =SUM(E26:E29) | F30: =SUM(F26:F29)

Sheet النموذج
A1: النموذج — قائمة الدخل المتوقعة (5 سنوات)
A2: كل الأرقام بالريال السعودي، غير شاملة ضريبة القيمة المضافة (15%)
A3: البند | B3: السنة 1 | C3: السنة 2 | D3: السنة 3 | E3: السنة 4 | F3: السنة 5
A4: إجمالي قيمة المنشورات (GMV) | B4: =الفرضيات!B7 | C4: =B4*(1+الفرضيات!B8) | D4: =C4*(1+الفرضيات!B9) | E4: =D4*(1+الفرضيات!B10) | F4: =E4*(1+الفرضيات!B11)
A5: إيراد المنصة (عمولة) | B5: =B4*الفرضيات!$B$17 | C5: =C4*الفرضيات!$B$17 | D5: =D4*الفرضيات!$B$17 | E5: =E4*الفرضيات!$B$17 | F5: =F4*الفرضيات!$B$17
A7: الرواتب | B7: =الفرضيات!B26 | C7: =الفرضيات!C26 | D7: =الفرضيات!D26 | E7: =الفرضيات!E26 | F7: =الفرضيات!F26
A8: التسويق | B8: =الفرضيات!B27 | C8: =الفرضيات!C27 | D8: =الفرضيات!D27 | E8: =الفرضيات!E27 | F8: =الفرضيات!F27
A9: البنية والـ SMS | B9: =الفرضيات!B28 | C9: =الفرضيات!C28 | D9: =الفرضيات!D28 | E9: =الفرضيات!E28 | F9: =الفرضيات!F28
A10: مصاريف إدارية وقانونية | B10: =الفرضيات!B29 | C10: =الفرضيات!C29 | D10: =الفرضيات!D29 | E10: =الفرضيات!E29 | F10: =الفرضيات!F29
A11: إجمالي المصاريف | B11: =SUM(B7:B10) | C11: =SUM(C7:C10) | D11: =SUM(D7:D10) | E11: =SUM(E7:E10) | F11: =SUM(F7:F10)
A13: صافي الربح / (الخسارة) | B13: =B5-B11 | C13: =C5-C11 | D13: =D5-D11 | E13: =E5-E11 | F13: =F5-F11
A14: الرصيد التراكمي | B14: =B13 | C14: =B14+C13 | D14: =C14+D13 | E14: =D14+E13 | F14: =E14+F13
A16: هامش الربح الصافي | B16: =IF(B5=0,0,B13/B5) | C16: =IF(C5=0,0,C13/C5) | D16: =IF(D5=0,0,D13/D5) | E16: =IF(E5=0,0,E13/E5) | F16: =IF(F5=0,0,F13/F5)

Sheet التحليل
A1: التحليل المالي — الجدوى والعائد
A3: التدفقات النقدية للمستثمر (السنة 0 = ضخ الاستثمار)
A4: البند | B4: السنة 0 | C4: السنة 1 | D4: السنة 2 | E4: السنة 3 | F4: السنة 4 | G4: السنة 5
A5: صافي التدفق النقدي | B5: =-الفرضيات!B21 | C5: 0 | D5: 0 | E5: =النموذج!D13 | F5: =النموذج!E13 | G5: =النموذج!F13
A6: الرصيد التراكمي | B6: =B5 | C6: =B6+C5 | D6: =C6+D5 | E6: =D6+E5 | F6: =E6+F5 | G6: =F6+G5
A8: مؤشرات الجدوى
A9: صافي القيمة الحالية NPV @ معدل الخصم | B9: =B5+NPV(الفرضيات!B22,C5:G5)
A10: معدل العائد الداخلي IRR | B10: =IFERROR(IRR(B5:G5),"غير محقق")
A11: فترة الاسترداد (سنة) | B11: =3+(-E6)/F5
A12: هامش الربح الصافي — السنة 3 | B12: =النموذج!D16
A13: هامش الربح الصافي — السنة 5 | B13: =النموذج!F16
A14: نقطة التعادل التشغيلي | B14: أوائل السنة 3

Sheet الحساسية
A1: تحليل الحساسية — 3 سيناريوهات
A2: يُطبّق "معامل النمو" على معدلات نمو GMV. المصاريف ثابتة (افتراض متحفّظ).
A4: المؤشر | B4: متحفّظ | C4: أساسي | D4: متفائل | E4: أسوأ حالة
A5: معامل النمو | B5: 0.7 | C5: 1 | D5: 1.3 | E5: 0.4
A6: GMV — السنة 1 | B6: =الفرضيات!$B$7 | C6: =الفرضيات!$B$7 | D6: =الفرضيات!$B$7 | E6: =الفرضيات!$B$7
A7: GMV — السنة 2 | B7: =B6*(1+الفرضيات!$B$8*B$5) | C7: =C6*(1+الفرضيات!$B$8*C$5) | D7: =D6*(1+الفرضيات!$B$8*D$5) | E7: =E6*(1+الفرضيات!$B$8*E$5)
A8: GMV — السنة 3 | B8: =B7*(1+الفرضيات!$B$9*B$5) | C8: =C7*(1+الفرضيات!$B$9*C$5) | D8: =D7*(1+الفرضيات!$B$9*D$5) | E8: =E7*(1+الفرضيات!$B$9*E$5)
A9: GMV — السنة 4 | B9: =B8*(1+الفرضيات!$B$10*B$5) | C9: =C8*(1+الفرضيات!$B$10*C$5) | D9: =D8*(1+الفرضيات!$B$10*D$5) | E9: =E8*(1+الفرضيات!$B$10*E$5)
A10: GMV — السنة 5 | B10: =B9*(1+الفرضيات!$B$11*B$5) | C10: =C9*(1+الفرضيات!$B$11*C$5) | D10: =D9*(1+الفرضيات!$B$11*D$5) | E10: =E9*(1+الفرضيات!$B$11*E$5)
A12: الإيراد — السنة 1 | B12: =B6*الفرضيات!$B$17 | C12: =C6*الفرضيات!$B$17 | D12: =D6*الفرضيات!$B$17 | E12: =E6*الفرضيات!$B$17
A13: الإيراد — السنة 2 | B13: =B7*الفرضيات!$B$17 | C13: =C7*الفرضيات!$B$17 | D13: =D7*الفرضيات!$B$17 | E13: =E7*الفرضيات!$B$17
A14: الإيراد — السنة 3 | B14: =B8*الفرضيات!$B$17 | C14: =C8*الفرضيات!$B$17 | D14: =D8*الفرضيات!$B$17 | E14: =E8*الفرضيات!$B$17
A15: الإيراد — السنة 4 | B15: =B9*الفرضيات!$B$17 | C15: =C9*الفرضيات!$B$17 | D15: =D9*الفرضيات!$B$17 | E15: =E9*الفرضيات!$B$17
A16: الإيراد — السنة 5 | B16: =B10*الفرضيات!$B$17 | C16: =C10*الفرضيات!$B$17 | D16: =D10*الفرضيات!$B$17 | E16: =E10*الفرضيات!$B$17
A18: صافي — السنة 1 | B18: =B12-الفرضيات!$B$30 | C18: =C12-الفرضيات!$B$30 | D18: =D12-الفرضيات!$B$30 | E18: =E12-الفرضيات!$B$30
A19: صافي — السنة 2 | B19: =B13-الفرضيات!$C$30 | C19: =C13-الفرضيات!$C$30 | D19: =D13-الفرضيات!$C$30 | E19: =E13-الفرضيات!$C$30
A20: صافي — السنة 3 | B20: =B14-الفرضيات!$D$30 | C20: =C14-الفرضيات!$D$30 | D20: =D14-الفرضيات!$D$30 | E20: =E14-الفرضيات!$D$30
A21: صافي — السنة 4 | B21: =B15-الفرضيات!$E$30 | C21: =C15-الفرضيات!$E$30 | D21: =D15-الفرضيات!$E$30 | E21: =E15-الفرضيات!$E$30
A22: صافي — السنة 5 | B22: =B16-الفرضيات!$F$30 | C22: =C16-الفرضيات!$F$30 | D22: =D16-الفرضيات!$F$30 | E22: =E16-الفرضيات!$F$30
A24: NPV @ معدل الخصم | B24: =-الفرضيات!$B$21+NPV(الفرضيات!$B$22,0,0,B20,B21,B22) | C24: =-الفرضيات!$B$21+NPV(الفرضيات!$B$22,0,0,C20,C21,C22) | D24: =-الفرضيات!$B$21+NPV(الفرضيات!$B$22,0,0,D20,D21,D22) | E24: =-الفرضيات!$B$21+NPV(الفرضيات!$B$22,0,0,E20,E21,E22)
A25: معدل العائد الداخلي IRR | B25: =IFERROR(IRR(B28:B33),"غير محقق") | C25: =IFERROR(IRR(C28:C33),"غير محقق") | D25: =IFERROR(IRR(D28:D33),"غير محقق") | E25: =IFERROR(IRR(E28:E33),"غير محقق")
A27: التدفقات النقدية للمستثمر (للحساب):
A28: السنة 0 | B28: =-الفرضيات!$B$21 | C28: =-الفرضيات!$B$21 | D28: =-الفرضيات!$B$21 | E28: =-الفرضيات!$B$21
A29: السنة 1 | B29: 0 | C29: 0 | D29: 0 | E29: 0
A30: السنة 2 | B30: 0 | C30: 0 | D30: 0 | E30: 0
A31: السنة 3 | B31: =B20 | C31: =C20 | D31: =D20 | E31: =E20
A32: السنة 4 | B32: =B21 | C32: =C21 | D32: =D21 | E32: =E21
A33: السنة 5 | B33: =B22 | C33: =C22 | D33: =D22 | E33: =E22

Sheet الاقتصاد الوحدوي
A1: الاقتصاد الوحدوي (Unit Economics)
A2: يوضّح ربحية اكتساب كل مستخدم وكل براند — أساس قابلية التوسّع
A4: المؤشر | B4: المستخدم | C4: البراند
A5: عدد الوحدات — السنة 1 | B5: 20000 | C5: =الفرضيات!B5
A6: تكلفة الاكتساب CAC (ريال) | B6: 20 | C6: 1000
A7: إيراد المنصة لكل وحدة سنوياً (ريال) | B7: =النموذج!B5/B5 | C7: =الفرضيات!B6*الفرضيات!B17
A8: متوسط بقاء الوحدة (سنوات) | B8: 2.5 | C8: 3
A9: هامش المساهمة | B9: 0.75 | C9: 0.75
A10: القيمة الدائمة LTV (ريال) | B10: =B7*B8*B9 | C10: =C7*C8*C9
A11: نسبة LTV/CAC | B11: =B10/B6 | C11: =C10/C6
A13: قاعدة إبهام: LTV/CAC ≥ 3x تعني اكتساباً صحياً وقابلاً للتوسّع.
A14: البراندات هي محرّك الربح الأساسي؛ المستخدمون يُكتسبون بتكلفة منخفضة لتغذية الشبكة.

Sheet التوقعات الشهرية
A1: التوقعات الشهرية — أول 24 شهراً
A2: مبنية على منحنى تصاعدي يوازي إجمالي السنة؛ الرصيد الافتتاحي = الاستثمار − التأسيس
A3: الرصيد النقدي الافتتاحي | B3: =الفرضيات!B21-الفرضيات!B20
A5: الشهر | B5: GMV | C5: الإيراد | D5: المصاريف | E5: الصافي | F5: الرصيد النقدي
A6: شهر 1 | B6: =النموذج!$B$4*(1/78) | C6: =B6*الفرضيات!$B$17 | D6: =الفرضيات!$B$30/12 | E6: =C6-D6 | F6: =B3+E6
A7: شهر 2 | B7: =النموذج!$B$4*(2/78) | C7: =B7*الفرضيات!$B$17 | D7: =الفرضيات!$B$30/12 | E7: =C7-D7 | F7: =F6+E7
A8: شهر 3 | B8: =النموذج!$B$4*(3/78) | C8: =B8*الفرضيات!$B$17 | D8: =الفرضيات!$B$30/12 | E8: =C8-D8 | F8: =F7+E8
A9: شهر 4 | B9: =النموذج!$B$4*(4/78) | C9: =B9*الفرضيات!$B$17 | D9: =الفرضيات!$B$30/12 | E9: =C9-D9 | F9: =F8+E9
A10: شهر 5 | B10: =النموذج!$B$4*(5/78) | C10: =B10*الفرضيات!$B$17 | D10: =الفرضيات!$B$30/12 | E10: =C10-D10 | F10: =F9+E10
A11: شهر 6 | B11: =النموذج!$B$4*(6/78) | C11: =B11*الفرضيات!$B$17 | D11: =الفرضيات!$B$30/12 | E11: =C11-D11 | F11: =F10+E11
A12: شهر 7 | B12: =النموذج!$B$4*(7/78) | C12: =B12*الفرضيات!$B$17 | D12: =الفرضيات!$B$30/12 | E12: =C12-D12 | F12: =F11+E12
A13: شهر 8 | B13: =النموذج!$B$4*(8/78) | C13: =B13*الفرضيات!$B$17 | D13: =الفرضيات!$B$30/12 | E13: =C13-D13 | F13: =F12+E13
A14: شهر 9 | B14: =النموذج!$B$4*(9/78) | C14: =B14*الفرضيات!$B$17 | D14: =الفرضيات!$B$30/12 | E14: =C14-D14 | F14: =F13+E14
A15: شهر 10 | B15: =النموذج!$B$4*(10/78) | C15: =B15*الفرضيات!$B$17 | D15: =الفرضيات!$B$30/12 | E15: =C15-D15 | F15: =F14+E15
A16: شهر 11 | B16: =النموذج!$B$4*(11/78) | C16: =B16*الفرضيات!$B$17 | D16: =الفرضيات!$B$30/12 | E16: =C16-D16 | F16: =F15+E16
A17: شهر 12 | B17: =النموذج!$B$4*(12/78) | C17: =B17*الفرضيات!$B$17 | D17: =الفرضيات!$B$30/12 | E17: =C17-D17 | F17: =F16+E17
A18: شهر 13 | B18: =النموذج!$C$4*(1/78) | C18: =B18*الفرضيات!$B$17 | D18: =الفرضيات!$C$30/12 | E18: =C18-D18 | F18: =F17+E18
A19: شهر 14 | B19: =النموذج!$C$4*(2/78) | C19: =B19*الفرضيات!$B$17 | D19: =الفرضيات!$C$30/12 | E19: =C19-D19 | F19: =F18+E19
A20: شهر 15 | B20: =النموذج!$C$4*(3/78) | C20: =B20*الفرضيات!$B$17 | D20: =الفرضيات!$C$30/12 | E20: =C20-D20 | F20: =F19+E20
A21: شهر 16 | B21: =النموذج!$C$4*(4/78) | C21: =B21*الفرضيات!$B$17 | D21: =الفرضيات!$C$30/12 | E21: =C21-D21 | F21: =F20+E21
A22: شهر 17 | B22: =النموذج!$C$4*(5/78) | C22: =B22*الفرضيات!$B$17 | D22: =الفرضيات!$C$30/12 | E22: =C22-D22 | F22: =F21+E22
A23: شهر 18 | B23: =النموذج!$C$4*(6/78) | C23: =B23*الفرضيات!$B$17 | D23: =الفرضيات!$C$30/12 | E23: =C23-D23 | F23: =F22+E23
A24: شهر 19 | B24: =النموذج!$C$4*(7/78) | C24: =B24*الفرضيات!$B$17 | D24: =الفرضيات!$C$30/12 | E24: =C24-D24 | F24: =F23+E24
A25: شهر 20 | B25: =النموذج!$C$4*(8/78) | C25: =B25*الفرضيات!$B$17 | D25: =الفرضيات!$C$30/12 | E25: =C25-D25 | F25: =F24+E25
A26: شهر 21 | B26: =النموذج!$C$4*(9/78) | C26: =B26*الفرضيات!$B$17 | D26: =الفرضيات!$C$30/12 | E26: =C26-D26 | F26: =F25+E26
A27: شهر 22 | B27: =النموذج!$C$4*(10/78) | C27: =B27*الفرضيات!$B$17 | D27: =الفرضيات!$C$30/12 | E27: =C27-D27 | F27: =F26+E27
A28: شهر 23 | B28: =النموذج!$C$4*(11/78) | C28: =B28*الفرضيات!$B$17 | D28: =الفرضيات!$C$30/12 | E28: =C28-D28 | F28: =F27+E28
A29: شهر 24 | B29: =النموذج!$C$4*(12/78) | C29: =B29*الفرضيات!$B$17 | D29: =الفرضيات!$C$30/12 | E29: =C29-D29 | F29: =F28+E29
A31: أدنى رصيد نقدي خلال 24 شهراً | B31: =MIN(F6:F29)
A32: متوسط الحرق الشهري — السنة 1 (Burn) | B32: =AVERAGE(E6:E17)
A33: الرصيد النقدي بنهاية الشهر 24 | B33: =F29
A34: ملاحظة: بقاء أدنى رصيد موجباً = كفاية الاستثمار حتى الوصول للربحية.

Sheet التمويل والعائد
A1: خطة استخدام التمويل والعائد للمستثمر
A2: أرقام التقييم والعائد استرشادية وقابلة للتفاوض
A4: أولاً: استخدام التمويل (1.2 مليون ريال)
A5: البند | B5: النسبة | C5: المبلغ (ريال)
A6: التسويق والنمو | B6: 0.4 | C6: =B6*الفرضيات!$B$21
A7: الرواتب والفريق | B7: 0.4 | C7: =B7*الفرضيات!$B$21
A8: التقنية والبنية والـ SMS | B8: 0.08 | C8: =B8*الفرضيات!$B$21
A9: قانوني وتراخيص وإداري | B9: 0.1 | C9: =B9*الفرضيات!$B$21
A10: احتياطي نقدي | B10: 0.02 | C10: =B10*الفرضيات!$B$21
A11: الإجمالي | B11: =SUM(B6:B10) | C11: =SUM(C6:C10)
A13: ثانياً: شروط الاستثمار (استرشادي)
A14: مبلغ الجولة | B14: =الفرضيات!B21
A15: حصة المستثمر | B15: 0.22
A16: التقييم بعد الجولة (Post-money) | B16: =B14/B15
A17: التقييم قبل الجولة (Pre-money) | B17: =B16-B14
A18: حصة المؤسسين | B18: =1-B15
A20: ثالثاً: تقدير العائد عند الخروج (السنة 5)
A21: مضاعف التقييم على الإيراد (Revenue Multiple) | B21: 5
A22: إيراد السنة 5 | B22: =النموذج!F5
A23: قيمة الشركة عند الخروج | B23: =B21*B22
A24: حصة المستثمر عند الخروج | B24: =B23*B15
A25: مضاعف رأس المال MOIC | B25: =B24/B14
A26: معدل العائد السنوي التقريبي على 5 سنوات | B26: =(B24/B14)^(1/5)-1
A28: خطة الخروج: استحواذ استراتيجي (مجموعات إعلام/تسويق أو منصة إقليمية)، أو بيع حصص، أو إدراج مستقبلي في السوق الموازية (نمو). الأفق 5–7 سنوات.
